题目名,所在城市,主要玩法,预计游玩时间,第一个节点,图片,注意事项
树人,北京,城市定向,20min,"第一棵树：在师大东南的书香小屋中，有一颗枝繁叶茂的愿望之树。在这颗参天大树上，有一叶小小的愿望。
第二棵树：来到师大东南角的路口，沿着新康街北侧一路向东，有一颗橘红色的，圆圆的“树”。它的树根联通了整座城市。你知道它是什么吗？",,请勿破坏或带走线索。如未能在对应区域找到线索，线索可能已遗失。
King's Move,上海,图寻+实景信息+定向,150min,请验证此处位置,km.jpeg,
匿于林中,南京,实景信息，相对位置，路径选择,75min,来到图片中的地点，提交被灌木遮挡的四字词语以开始。,ni_yu_lin_zhong_1.jpeg,
4号线的寻木之旅,武汉,图寻+一枚谜,160min,“楚水清若空，遥将碧海通。你的旅程，将从这座城市的脉搏——火车站开始。请去寻到那棵在此伫立已久的树，立于它的浓荫之下，环绕四周……,4_line.jpeg,
光生旸谷,武汉,图寻+一枚谜,90min,"_旸谷圜池，木发于野。_
请找到与图中相似的木质雕塑，并提交其右侧最近的黑色数字。",guang_sheng.jpeg,
热爱120度的你,常州,图寻+实景信息+一枚谜,180min,教我如何不想她……今朝甲子，天地几何？,120.jpeg,
12：3456奇遇记,香港,图寻+元素对应,180min,"“12”这座城市的地铁真是奇怪，明明“1256”的地铁站就叫“1256”站，但为什么“123456”的地铁站直接叫“56”站？
上次我去“123456”玩的时候，简直被上上下下的楼层结构吓晕了！还好学长给了我一份地图，我才能找到路。
——不过这地图好奇怪，真的是学校地图吗，我完全看不懂！学长听我这么说完嘿嘿一笑，拿出了一沓卡片。
（输入“123456”代表的内容以获取卡片并推进下一步）",,
与吾同行,上海,实景解谜+一枚谜+定向,120min,（需动态验证，此处无法呈现）,,
森林之上的森林,新加坡,实景信息,95min,"深埋地下的钢铁根系发出低低的嗡鸣，在土地向下的纵剖面里交织得泾渭分明。
远道而来的旅人啊，你是否听到森林的呼唤？

【请寻找MRT的交汇之地，然后你就会知道需要前往哪里】
【请结合图片提示，输入目的地的英文名称，不含任何空格】",senlin.jpeg,
